method,alpha,calib_frac,runs,coverage_mean,coverage_std,abs_coverage_gap_mean,abs_coverage_gap_std,mean_set_size_mean,mean_set_size_std,top1_accuracy_mean,top1_accuracy_std,fail_to_abstain_rate_mean,fail_to_abstain_rate_std,singleton_rate_mean,singleton_rate_std,ece_top1_mean,ece_top1_std
aps_conformal,0.05,0.1,5,0.9537420999850997,0.020498720424602344,0.0162473459035194,0.010379372249001931,12.211006868063286,2.2012788744728904,0.467306357454642,0.10744382383328785,0.00039920159680638,0.0008926419071855286,0.00971646450688366,0.01760623151680044,0.23285894408120056,0.08750646608200742
aps_conformal,0.05,0.25,5,0.9581181128756511,0.015372707926120461,0.015427349823442219,0.004603905037084493,12.201157220968266,1.1975448918542126,0.4689523372793972,0.09560969650013379,0.0,0.0,0.0011764705882352801,0.002630668208823251,0.2345658634134869,0.08277133327265045
aps_conformal,0.05,0.4,5,0.9600121682531343,0.015647465972186143,0.01485688875002876,0.00970765953248508,12.061527649772126,1.2259332825635267,0.47144936467042964,0.08158034043750409,0.0,0.0,0.00358565737051792,0.00801777362450122,0.23023583124898184,0.07087634848605413
aps_conformal,0.1,0.1,5,0.9156856774701112,0.016331502284476072,0.01800104673158804,0.013008514892071978,9.746652673427048,1.7816865088182265,0.467306357454642,0.10744382383328785,0.00125118047426294,0.0011434845524031078,0.0460607446309304,0.03697116776504407,0.23285894408120056,0.08750646608200742
aps_conformal,0.1,0.25,5,0.9236947428007387,0.016344340148155372,0.0238553853710197,0.016049586797491633,10.07758823322994,1.3433140618588701,0.4689523372793972,0.09560969650013379,0.0004123711340206,0.0009220898876287376,0.032518312657873735,0.013546998911228885,0.2345658634134869,0.08277133327265045
aps_conformal,0.1,0.4,5,0.9178401837933998,0.02623662254328041,0.025873310087395796,0.01579288894117408,9.862738534274886,1.2744623784962903,0.47144936467042964,0.08158034043750409,0.00041407867494824,0.0009259080652173037,0.03961030818524815,0.02837225446241901,0.23023583124898184,0.07087634848605413
aps_conformal,0.2,0.1,5,0.871754642695888,0.02089626122798771,0.07175464269588791,0.020896261227987677,7.6320408856333755,1.4922664014579614,0.467306357454642,0.10744382383328785,0.00541461974572844,0.003961324454665369,0.1166580397301094,0.06744272742355178,0.23285894408120056,0.08750646608200742
aps_conformal,0.2,0.25,5,0.8731009466796174,0.02647002852420285,0.0731009466796172,0.026470028524202858,7.625936167242321,0.9769834635738677,0.4689523372793972,0.09560969650013379,0.00608534672212622,0.002969145849837336,0.11355185619677739,0.03535041191108678,0.2345658634134869,0.08277133327265045
aps_conformal,0.2,0.4,5,0.8760686101800985,0.026053065780188032,0.07606861018009835,0.026053065780188046,7.627595731943832,1.1366647027633006,0.47144936467042964,0.08158034043750409,0.00805528540187222,0.0031706773894601284,0.11337631610485807,0.055608041620210255,0.23023583124898184,0.07087634848605413
coras,0.05,0.1,5,0.9551348674786444,0.011037159063830682,0.00652827114749722,0.010074946898633983,9.479173748484476,1.5079346723417009,0.5913906041000815,0.03312356310203842,0.0,0.0,0.07227610429081179,0.04958793401705537,0.11695931543585769,0.014866246277936092
coras,0.05,0.25,5,0.9596503493273557,0.01145946232873367,0.011918390564469158,0.00837680055150092,9.544975024253919,1.212998162560413,0.6076393750678991,0.016973637086663596,0.00039215686274507997,0.0008768894029410536,0.07055148626649542,0.028708550994377326,0.10082628864678198,0.023948763656609057
coras,0.05,0.4,5,0.9501984350022198,0.012077179601191122,0.00972720579910972,0.005256835726866828,8.997006540548474,1.5583934292612,0.6240905317139733,0.038806049315760476,0.00121089142395222,0.0017908100434963134,0.0903700104513455,0.040783488467606356,0.1004792961102392,0.02953157544041632
coras,0.1,0.1,5,0.905208830376749,0.026974374293630542,0.02189545712325598,0.01273844408099462,6.299969776755837,1.7626335122905137,0.5913906041000815,0.03312356310203842,0.00488793810515994,0.005592384111883665,0.17160445537554306,0.0884231525498019,0.11695931543585769,0.014866246277936092
coras,0.1,0.25,5,0.9090228040862964,0.022735558644992437,0.0156091494678224,0.017723217399458483,6.284112095376001,1.4579544742246628,0.6076393750678991,0.016973637086663596,0.0039839963501683605,0.0036672609543014828,0.16652005321819058,0.056723056845318254,0.10082628864678198,0.023948763656609057
coras,0.1,0.4,5,0.8999635090650063,0.018794981032538623,0.012680838505010061,0.012338897641654252,5.985602797336498,1.2110710255959434,0.6240905317139733,0.038806049315760476,0.00880508124953746,0.007768990619019044,0.18531443849567059,0.059401863685534136,0.1004792961102392,0.02953157544041632
coras,0.2,0.1,5,0.8033763877367225,0.026039751306616343,0.019184770970255338,0.015239729141944939,3.110901283625141,0.9346032875672048,0.5913906041000815,0.03312356310203842,0.04262745180513922,0.023618936889618705,0.3534897359372139,0.10624601426770275,0.11695931543585769,0.014866246277936092
coras,0.2,0.25,5,0.8012834027594045,0.02618934350096622,0.019144852224597442,0.0151586248696267,3.1058118995539052,0.8814131129584736,0.6076393750678991,0.016973637086663596,0.04486702113290278,0.025461107002555813,0.3531190589959238,0.08626678035063375,0.10082628864678198,0.023948763656609057
coras,0.2,0.4,5,0.8051292312262113,0.02655068413540695,0.02084924834687934,0.013944932717147161,3.0499723897985604,0.7491655689689711,0.6240905317139733,0.038806049315760476,0.04118663182382504,0.02832319062308304,0.3601182863018402,0.09143592634432125,0.1004792961102392,0.02953157544041632
coras_aps,0.05,0.1,5,0.9584658816107832,0.012588116250784058,0.01241797741916624,0.00743585274695132,10.992275465886571,1.023280411343759,0.5913906041000815,0.03312356310203842,0.0,0.0,0.01639876660667168,0.00940820717011513,0.11695931543585769,0.014866246277936092
coras_aps,0.05,0.25,5,0.9663892177190977,0.009399903106029865,0.016389217719097758,0.009399903106029917,11.045748047335067,0.7507758628110207,0.6076393750678991,0.016973637086663596,0.0,0.0,0.01378587884250836,0.007712539200772367,0.10082628864678198,0.023948763656609057
coras_aps,0.05,0.4,5,0.9642535045469074,0.007282622350495568,0.01425350454690744,0.007282622350495585,10.900515949021097,0.8227091637166977,0.6240905317139733,0.038806049315760476,0.0,0.0,0.01802881945343976,0.00837210520847954,0.1004792961102392,0.02953157544041632
coras_aps,0.1,0.1,5,0.943201165909219,0.017181210664008628,0.04320116590921904,0.01718121066400859,9.19154532676183,0.7512315409930955,0.5913906041000815,0.03312356310203842,0.0,0.0,0.06352557653950662,0.034174257407193424,0.11695931543585769,0.014866246277936092
coras_aps,0.1,0.25,5,0.9461367494002406,0.013593315526236075,0.04613674940024054,0.01359331552623603,9.266518707876049,0.5887675704254894,0.6076393750678991,0.016973637086663596,0.0,0.0,0.05596112609827155,0.024353953596273244,0.10082628864678198,0.023948763656609057
coras_aps,0.1,0.4,5,0.9419661760160224,0.010577133049933785,0.04196617601602236,0.0105771330499338,9.0680518584989,0.4335880816496781,0.6240905317139733,0.038806049315760476,0.0,0.0,0.06743280338406418,0.01400178489914594,0.1004792961102392,0.02953157544041632
coras_aps,0.2,0.1,5,0.9130364248594655,0.013694351155985357,0.11303642485946522,0.013694351155985324,6.960757076540682,0.8743437956508125,0.5913906041000815,0.03312356310203842,0.0,0.0,0.14067641906426998,0.0564763558712372,0.11695931543585769,0.014866246277936092
coras_aps,0.2,0.25,5,0.9182925636678732,0.01814722543141926,0.11829256366787314,0.01814722543141925,6.966893825254092,0.13719628164731,0.6076393750678991,0.016973637086663596,0.00160139133946452,0.0008960394255698879,0.1356372492406682,0.01261681040430616,0.10082628864678198,0.023948763656609057
coras_aps,0.2,0.4,5,0.9129082367300322,0.016190411388002923,0.11290823673003199,0.01619041138800295,6.787474146879968,0.3674139392782399,0.6240905317139733,0.038806049315760476,0.0044184980087134795,0.0016573766299984817,0.15070165624115084,0.01122533134043102,0.1004792961102392,0.02953157544041632
mondrian_domain,0.05,0.1,5,0.9675236992823191,0.011328360849814922,0.01752369928231919,0.011328360849814902,10.428480877322752,0.778853714692979,0.5913906041000815,0.03312356310203842,0.0008114756454639601,0.001113164207786535,0.06956778346380893,0.03199156745101079,0.11695931543585769,0.014866246277936092
mondrian_domain,0.05,0.25,5,0.9627910246468934,0.014156424850904292,0.01670855042008928,0.0074798183487477365,9.570994248466814,1.0537690527761323,0.6076393750678991,0.016973637086663596,0.00206316877742602,0.0020772913575796068,0.1110840326451245,0.035473167659303556,0.10082628864678198,0.023948763656609057
mondrian_domain,0.05,0.4,5,0.9526048006900275,0.013775155608052871,0.010516827630620982,0.0077447766949272,8.896330637314431,1.318068773570237,0.6240905317139733,0.038806049315760476,0.00244146326077022,0.0016992740191694544,0.13321348914281214,0.044494995916437685,0.1004792961102392,0.02953157544041632
mondrian_domain,0.1,0.1,5,0.9048960985490083,0.033696740150326566,0.023655722158931157,0.02158572524690668,6.288922773425809,1.5726434724459792,0.5913906041000815,0.03312356310203842,0.006447090861917459,0.005844958506078881,0.18905316827716365,0.08095368936299659,0.11695931543585769,0.014866246277936092
mondrian_domain,0.1,0.25,5,0.9140887319406268,0.022611923694970844,0.020348823854674757,0.01555060328315294,6.548424137120476,1.5126539615414887,0.6076393750678991,0.016973637086663596,0.008399795703178602,0.007446907612273204,0.20534402728937967,0.06282812773326156,0.10082628864678198,0.023948763656609057
mondrian_domain,0.1,0.4,5,0.8978141460218885,0.02175277879259688,0.019280887950059257,0.003803292263060615,6.0418520728653755,1.170909812144404,0.6240905317139733,0.038806049315760476,0.008809194370839562,0.005676045695554568,0.22002544861617618,0.07344851406846084,0.1004792961102392,0.02953157544041632
mondrian_domain,0.2,0.1,5,0.8226701185778694,0.026668568899694774,0.029696066681661713,0.015852758186636163,3.762994480829201,1.0693215183100249,0.5913906041000815,0.03312356310203842,0.03239927561150266,0.019826267455904552,0.32228592870990813,0.10033421810308447,0.11695931543585769,0.014866246277936092
mondrian_domain,0.2,0.25,5,0.8114161212336267,0.020461010497508463,0.01655668348262252,0.015456649723518406,3.472834978538142,0.8311238437389762,0.6076393750678991,0.016973637086663596,0.04234770500314286,0.03265361076858244,0.3560955414522776,0.09100744078789182,0.10082628864678198,0.023948763656609057
mondrian_domain,0.2,0.4,5,0.8100455207528471,0.022501096449536805,0.0189170326349254,0.013605965448569506,3.2495344615906987,0.6534735101394696,0.6240905317139733,0.038806049315760476,0.04702486666584772,0.03917629207484535,0.38828078599301846,0.09562237302341581,0.1004792961102392,0.02953157544041632
prompt_only_top1,0.05,0.1,5,0.5913906041000815,0.03312356310203842,0.3586093958999184,0.03312356310203844,1.0,0.0,0.5913906041000815,0.03312356310203842,0.4086093958999185,0.033123563102038414,1.0,0.0,0.11695931543585769,0.014866246277936092
prompt_only_top1,0.05,0.25,5,0.6076393750678991,0.016973637086663596,0.34236062493210084,0.016973637086663617,1.0,0.0,0.6076393750678991,0.016973637086663596,0.3923606249321009,0.016973637086663593,1.0,0.0,0.10082628864678198,0.023948763656609057
prompt_only_top1,0.05,0.4,5,0.6240905317139733,0.038806049315760476,0.3259094682860265,0.038806049315760455,1.0,0.0,0.6240905317139733,0.038806049315760476,0.37590946828602656,0.038806049315760476,1.0,0.0,0.1004792961102392,0.02953157544041632
prompt_only_top1,0.1,0.1,5,0.5913906041000815,0.03312356310203842,0.30860939589991854,0.03312356310203841,1.0,0.0,0.5913906041000815,0.03312356310203842,0.4086093958999185,0.033123563102038414,1.0,0.0,0.11695931543585769,0.014866246277936092
prompt_only_top1,0.1,0.25,5,0.6076393750678991,0.016973637086663596,0.29236062493210085,0.016973637086663614,1.0,0.0,0.6076393750678991,0.016973637086663596,0.3923606249321009,0.016973637086663593,1.0,0.0,0.10082628864678198,0.023948763656609057
prompt_only_top1,0.1,0.4,5,0.6240905317139733,0.038806049315760476,0.2759094682860266,0.038806049315760496,1.0,0.0,0.6240905317139733,0.038806049315760476,0.37590946828602656,0.038806049315760476,1.0,0.0,0.1004792961102392,0.02953157544041632
prompt_only_top1,0.2,0.1,5,0.5913906041000815,0.03312356310203842,0.2086093958999186,0.03312356310203844,1.0,0.0,0.5913906041000815,0.03312356310203842,0.4086093958999185,0.033123563102038414,1.0,0.0,0.11695931543585769,0.014866246277936092
prompt_only_top1,0.2,0.25,5,0.6076393750678991,0.016973637086663596,0.1923606249321009,0.01697363708666361,1.0,0.0,0.6076393750678991,0.016973637086663596,0.3923606249321009,0.016973637086663593,1.0,0.0,0.10082628864678198,0.023948763656609057
prompt_only_top1,0.2,0.4,5,0.6240905317139733,0.038806049315760476,0.1759094682860266,0.03880604931576046,1.0,0.0,0.6240905317139733,0.038806049315760476,0.37590946828602656,0.038806049315760476,1.0,0.0,0.1004792961102392,0.02953157544041632
temperature_conformal,0.05,0.1,5,0.9455980933352995,0.022845512692755223,0.01828220188257528,0.011328715547523778,11.545842142452122,2.7978436698929414,0.467306357454642,0.10744382383328785,0.0008265520241568,0.0011328963239243517,0.015328317723527279,0.032090146371151845,0.08888747481788827,0.025700960371090643
temperature_conformal,0.05,0.25,5,0.9545115652818665,0.011651165379697261,0.01021437652684674,0.005547573481306218,12.054796131445785,1.7109439720843225,0.4689523372793972,0.09560969650013379,0.0,0.0,0.00431372549019606,0.009645783432351994,0.08841212341298463,0.017105015580526305
temperature_conformal,0.05,0.4,5,0.9467110076774142,0.021583877546894514,0.01686624593762388,0.011126445660962454,11.69757852065091,2.096659113071987,0.47144936467042964,0.08158034043750409,0.0,0.0,0.010358565737051779,0.023162457137447988,0.0761645719587705,0.014280440829463413
temperature_conformal,0.1,0.1,5,0.8999379638018947,0.028022406936631373,0.021012737331757996,0.015275509432345838,8.952225515816803,3.085947644275932,0.467306357454642,0.10744382383328785,0.00168125287885766,0.0027812937144527056,0.044689657571537075,0.07211344572722232,0.08848840818266634,0.025709827919907755
temperature_conformal,0.1,0.25,5,0.9041231671738202,0.013245637046397203,0.00986850145210988,0.008658139757252008,9.243399073265536,2.565373646539265,0.4689523372793972,0.09560969650013379,0.00274509803921568,0.006138225820587644,0.034786758697494126,0.0587467023075337,0.08873010379887944,0.01663167730305041
temperature_conformal,0.1,0.4,5,0.8986629521000278,0.026509054120660343,0.016928935784338243,0.018620646826649493,8.930657996123008,2.4852198084636004,0.47144936467042964,0.08158034043750409,0.00358565737051792,0.00801777362450122,0.03821318160925502,0.05791254901923135,0.07622945555238178,0.014353965553152881
temperature_conformal,0.2,0.1,5,0.815657422464651,0.027068457071010507,0.027473789730119897,0.009779241449738095,5.868697261812494,2.7273693062453117,0.467306357454642,0.10744382383328785,0.01497964384802172,0.017394959061398468,0.1277539006787651,0.14245983980582297,0.08773545801403292,0.025612473210608343
temperature_conformal,0.2,0.25,5,0.8062409323503482,0.02113306578161068,0.01428445263002536,0.015499549393695642,5.376787066433287,2.2328085921856062,0.4689523372793972,0.09560969650013379,0.01907470281016216,0.023301819113921915,0.13893216897472,0.13438411310838086,0.08833002571603502,0.017100311608701353
temperature_conformal,0.2,0.4,5,0.8021687115982525,0.03746067874644284,0.02776392771589322,0.02111011574750372,5.3649754431537255,2.2756166334864547,0.47144936467042964,0.08158034043750409,0.019296681465766442,0.02380472609739599,0.1385902717873268,0.1438074743245213,0.07618532932961505,0.01429948679467864
top1_singleton,0.05,0.1,5,0.467306357454642,0.10744382383328785,0.48269364254535796,0.10744382383328786,1.0,0.0,0.467306357454642,0.10744382383328785,0.532693642545358,0.10744382383328788,1.0,0.0,0.23285894408120056,0.08750646608200742
top1_singleton,0.05,0.25,5,0.4689523372793972,0.09560969650013379,0.48104766272060273,0.0956096965001338,1.0,0.0,0.4689523372793972,0.09560969650013379,0.5310476627206027,0.09560969650013378,1.0,0.0,0.2345658634134869,0.08277133327265045
top1_singleton,0.05,0.4,5,0.47144936467042964,0.08158034043750409,0.47855063532957026,0.08158034043750409,1.0,0.0,0.47144936467042964,0.08158034043750409,0.5285506353295704,0.08158034043750408,1.0,0.0,0.23023583124898184,0.07087634848605413
top1_singleton,0.1,0.1,5,0.467306357454642,0.10744382383328785,0.43269364254535797,0.10744382383328785,1.0,0.0,0.467306357454642,0.10744382383328785,0.532693642545358,0.10744382383328788,1.0,0.0,0.23285894408120056,0.08750646608200742
top1_singleton,0.1,0.25,5,0.4689523372793972,0.09560969650013379,0.4310476627206028,0.09560969650013379,1.0,0.0,0.4689523372793972,0.09560969650013379,0.5310476627206027,0.09560969650013378,1.0,0.0,0.2345658634134869,0.08277133327265045
top1_singleton,0.1,0.4,5,0.47144936467042964,0.08158034043750409,0.4285506353295703,0.08158034043750405,1.0,0.0,0.47144936467042964,0.08158034043750409,0.5285506353295704,0.08158034043750408,1.0,0.0,0.23023583124898184,0.07087634848605413
top1_singleton,0.2,0.1,5,0.467306357454642,0.10744382383328785,0.332693642545358,0.10744382383328786,1.0,0.0,0.467306357454642,0.10744382383328785,0.532693642545358,0.10744382383328788,1.0,0.0,0.23285894408120056,0.08750646608200742
top1_singleton,0.2,0.25,5,0.4689523372793972,0.09560969650013379,0.3310476627206028,0.09560969650013379,1.0,0.0,0.4689523372793972,0.09560969650013379,0.5310476627206027,0.09560969650013378,1.0,0.0,0.2345658634134869,0.08277133327265045
top1_singleton,0.2,0.4,5,0.47144936467042964,0.08158034043750409,0.32855063532957035,0.08158034043750408,1.0,0.0,0.47144936467042964,0.08158034043750409,0.5285506353295704,0.08158034043750408,1.0,0.0,0.23023583124898184,0.07087634848605413
topk_calibrated,0.05,0.1,5,0.9656120935490573,0.0190464801026237,0.019543717480681292,0.013783835435916516,13.6,1.6733200530681511,0.467306357454642,0.10744382383328785,0.0,0.0,0.0,0.0,0.23285894408120056,0.08750646608200742
topk_calibrated,0.05,0.25,5,0.9659035908033091,0.013343918624510004,0.015983912088449598,0.013223411350415942,13.6,1.140175425099138,0.4689523372793972,0.09560969650013379,0.0,0.0,0.0,0.0,0.2345658634134869,0.08277133327265045
topk_calibrated,0.05,0.4,5,0.9664350374982641,0.01642759531640071,0.019623443295365563,0.011231854316322077,13.2,1.3038404810405297,0.47144936467042964,0.08158034043750409,0.0,0.0,0.0,0.0,0.23023583124898184,0.07087634848605413
topk_calibrated,0.1,0.1,5,0.9058586547676806,0.024399158481835048,0.0198231068159648,0.01212556285018734,10.6,2.4083189157584592,0.467306357454642,0.10744382383328785,0.0,0.0,0.0,0.0,0.23285894408120056,0.08750646608200742
topk_calibrated,0.1,0.25,5,0.9185872658225713,0.01488250109045689,0.0203543340956636,0.011639297940972956,11.2,2.16794833886788,0.4689523372793972,0.09560969650013379,0.0,0.0,0.0,0.0,0.2345658634134869,0.08277133327265045
topk_calibrated,0.1,0.4,5,0.9078524779246122,0.03206464651462731,0.0246479049123135,0.01859621728593185,10.8,2.3874672772626644,0.47144936467042964,0.08158034043750409,0.0,0.0,0.0,0.0,0.23023583124898184,0.07087634848605413
topk_calibrated,0.2,0.1,5,0.8354175596183382,0.033010271528316364,0.040846701334904964,0.02391895013567029,7.4,2.8809720581775866,0.467306357454642,0.10744382383328785,0.0,0.0,0.0,0.0,0.23285894408120056,0.08750646608200742
topk_calibrated,0.2,0.25,5,0.8253882948486397,0.018771207299341057,0.028392247417809678,0.012264398714735872,7.0,2.1213203435596424,0.4689523372793972,0.09560969650013379,0.0,0.0,0.0,0.0,0.2345658634134869,0.08277133327265045
topk_calibrated,0.2,0.4,5,0.8245770283839061,0.03384685751124822,0.02490829132386464,0.03354279278433382,7.0,2.23606797749979,0.47144936467042964,0.08158034043750409,0.0,0.0,0.0,0.0,0.23023583124898184,0.07087634848605413
vanilla_conformal,0.05,0.1,5,0.9526909438469229,0.028151578406404067,0.02255136951573186,0.012878567717808485,11.39250755006385,2.5874261048750617,0.467306357454642,0.10744382383328785,0.0008265520241568,0.0011328963239243517,0.02870329793427624,0.03573686201065462,0.23285894408120056,0.08750646608200742
vanilla_conformal,0.05,0.25,5,0.9544662635766507,0.014284444686143889,0.012578713375847438,0.0055856700736791436,11.289179015437028,1.3458734654170403,0.4689523372793972,0.09560969650013379,0.00039525691699604005,0.0008838213349801375,0.024037422010521198,0.009658843364014789,0.2345658634134869,0.08277133327265045
vanilla_conformal,0.05,0.4,5,0.9506649721644183,0.022165976573854898,0.01753892562593442,0.010361749963539906,11.129992000172546,1.6684080283935232,0.47144936467042964,0.08158034043750409,0.0,0.0,0.030300912552739347,0.02706970782909722,0.23023583124898184,0.07087634848605413
vanilla_conformal,0.1,0.1,5,0.8957522665600411,0.02846187659608926,0.01998658088093384,0.018256593314596066,8.379221358189225,2.9767425720395915,0.467306357454642,0.10744382383328785,0.0083109299936791,0.008275723921440669,0.09865156726822334,0.08778938439227066,0.23285894408120056,0.08750646608200742
vanilla_conformal,0.1,0.25,5,0.9053657003199669,0.017739324319527617,0.0143427851297944,0.009670971803220341,8.754083149541042,2.226953212727902,0.4689523372793972,0.09560969650013379,0.0067290943893840395,0.00954291791829981,0.08511963477589053,0.06237406237860467,0.2345658634134869,0.08277133327265045
vanilla_conformal,0.1,0.4,5,0.8971121253731742,0.027930798783525577,0.01899145261650314,0.018431229066587413,8.500676519242711,2.265148351060656,0.47144936467042964,0.08158034043750409,0.008421671999602181,0.012044730263765457,0.08979472920940697,0.0767734533197527,0.23023583124898184,0.07087634848605413
vanilla_conformal,0.2,0.1,5,0.8164499564388835,0.01946929733129724,0.02347590454267594,0.005329845636120478,5.504493151823393,2.2987116760555684,0.467306357454642,0.10744382383328785,0.022758948144063464,0.02083580586852625,0.1891036416127851,0.13052458081384688,0.23285894408120056,0.08750646608200742
vanilla_conformal,0.2,0.25,5,0.7976600653879958,0.02016856075937564,0.0153943279174435,0.010834357182268295,5.25080238876062,2.1440641669653844,0.4689523372793972,0.09560969650013379,0.0295809717075123,0.02503218627393567,0.20300259815494265,0.12374710431794958,0.2345658634134869,0.08277133327265045
vanilla_conformal,0.2,0.4,5,0.8004812623153322,0.037933831176497776,0.02784171905112744,0.021686710558423514,5.275020648834983,2.1574846317926424,0.47144936467042964,0.08158034043750409,0.031797906373707704,0.02558450437589442,0.20478976245217995,0.13017773420326834,0.23023583124898184,0.07087634848605413
