alpha,method,n_steps,n_episodes,step_coverage,episode_mean_coverage,episode_median_coverage,episode_all_steps_covered_rate,mean_set_size,episode_block_boot_mean,episode_block_boot_lo95,episode_block_boot_hi95,file,run_dir
0.1,aps_conformal,3846,9,0.903796151846074,0.9014753053366996,0.9230769230769232,0.0,95.9009360374415,0.904021076660737,0.8692601174758852,0.9342340870255776,prediction_sets_compact_alpha0.10.csv,seed0_calib0.10
0.1,coras,3846,9,0.9157566302652106,0.904026653866564,0.9342723004694836,0.0,96.00130005200208,0.9141382636819964,0.8604826361692712,0.9598609835560228,prediction_sets_compact_alpha0.10.csv,seed0_calib0.10
0.1,coras_aps,3846,9,0.9183567342693708,0.9062307118129668,0.9384615384615383,0.0,96.05772230889237,0.9168166327016404,0.8640932425361734,0.9610135188076244,prediction_sets_compact_alpha0.10.csv,seed0_calib0.10
0.1,mondrian_domain,3846,9,0.8036921476859075,0.833510576536835,0.8262910798122066,0.0,71.18278731149246,0.8040335637655137,0.6590599824199822,0.929063713663788,prediction_sets_compact_alpha0.10.csv,seed0_calib0.10
0.1,prompt_only_top1,3846,9,0.0577223088923556,0.0759461465816158,0.0704225352112676,0.0,1.0,0.0606453132183985,0.0425332941639191,0.090321010169701,prediction_sets_compact_alpha0.10.csv,seed0_calib0.10
0.1,temperature_conformal,3846,9,0.9147165886635464,0.9255364450431706,0.9310344827586208,0.0,98.58684347373897,0.9164801626565712,0.8888108643355224,0.9451263722594772,prediction_sets_compact_alpha0.10.csv,seed0_calib0.10
0.1,top1_singleton,3846,9,0.0520020800832033,0.0657581686533641,0.0663265306122449,0.0,1.0,0.0557052479381797,0.034005731353755,0.0975352037522904,prediction_sets_compact_alpha0.10.csv,seed0_calib0.10
0.1,topk_calibrated,3846,9,0.9264170566822671,0.9396474619810032,0.945054945054945,0.0,102.0,0.9284926545313944,0.9082985984341406,0.9599741871420918,prediction_sets_compact_alpha0.10.csv,seed0_calib0.10
0.1,vanilla_conformal,3846,9,0.8954758190327613,0.8834329826225921,0.9248826291079812,0.0,94.60452418096725,0.894369806711341,0.8473061673010694,0.9313519335164409,prediction_sets_compact_alpha0.10.csv,seed0_calib0.10
0.1,aps_conformal,4431,9,0.8526292033401038,0.8186778240559168,0.8544642857142857,0.0,93.2534416610246,0.8483152190472754,0.7763767188219868,0.8972974316969043,prediction_sets_compact_alpha0.10.csv,seed0_calib0.25
0.1,coras,4431,9,0.8553373956217558,0.8074208945781619,0.8304093567251462,0.0,91.37711577522003,0.848296395672945,0.7521903210454901,0.9192248336306028,prediction_sets_compact_alpha0.10.csv,seed0_calib0.25
0.1,coras_aps,4431,9,0.8501466937485895,0.8004524573556429,0.8245614035087719,0.0,89.68201308959603,0.8428460321296025,0.7447307719090561,0.9141238317900492,prediction_sets_compact_alpha0.10.csv,seed0_calib0.25
0.1,mondrian_domain,4431,9,0.8275784247348228,0.7926418717955976,0.7704081632653061,0.0,83.48770029338749,0.8221857311923484,0.7284923475556907,0.9060737891288088,prediction_sets_compact_alpha0.10.csv,seed0_calib0.25
0.1,prompt_only_top1,4431,9,0.0494245091401489,0.0496250515066326,0.0510204081632653,0.0,1.0,0.0499956382838884,0.0371103437502281,0.0635571410146677,prediction_sets_compact_alpha0.10.csv,seed0_calib0.25
0.1,temperature_conformal,4431,9,0.8575942225231324,0.8383143160472204,0.8624338624338624,0.0,93.01828029790116,0.854709727286146,0.7977185806093096,0.8959727184862781,prediction_sets_compact_alpha0.10.csv,seed0_calib0.25
0.1,top1_singleton,4431,9,0.0383660573234032,0.053443597283617,0.0321428571428571,0.0,1.0,0.0398140428803488,0.0293711303005127,0.0600599744892267,prediction_sets_compact_alpha0.10.csv,seed0_calib0.25
0.1,topk_calibrated,4431,9,0.8679756262694651,0.8578183621906377,0.8651785714285715,0.0,94.0,0.8665639531459877,0.836294609235726,0.8876709527257476,prediction_sets_compact_alpha0.10.csv,seed0_calib0.25
0.1,vanilla_conformal,4431,9,0.8499210110584519,0.8081042453215055,0.8491071428571428,0.0,93.34958248702324,0.8445653074176555,0.7562800671317049,0.902842649756169,prediction_sets_compact_alpha0.10.csv,seed0_calib0.25
0.1,aps_conformal,3261,9,0.8564857405703772,0.8401558434702131,0.844059405940594,0.0,95.51671266482674,0.8550268272543478,0.7867444679489232,0.911257468594574,prediction_sets_compact_alpha0.10.csv,seed0_calib0.40
0.1,coras,3261,9,0.8408463661453542,0.8311379796444501,0.8260233918128655,0.0,93.37442502299908,0.8399358214314931,0.7687978431726996,0.9013417668102084,prediction_sets_compact_alpha0.10.csv,seed0_calib0.40
0.1,coras_aps,3261,9,0.8380864765409384,0.8292132268968583,0.8260233918128655,0.0,92.55903097209443,0.8372410611684988,0.764042532671071,0.8998101145763132,prediction_sets_compact_alpha0.10.csv,seed0_calib0.40
0.1,mondrian_domain,3261,9,0.8500459981600736,0.8298995056848756,0.9137426900584796,0.1111111111111111,98.25176326280284,0.8478979970563829,0.7327357581373578,0.9328423374960968,prediction_sets_compact_alpha0.10.csv,seed0_calib0.40
0.1,prompt_only_top1,3261,9,0.0659306961054891,0.0679049386542105,0.0659090909090909,0.0,1.0,0.0665691288177487,0.0375803309987684,0.1027579851421558,prediction_sets_compact_alpha0.10.csv,seed0_calib0.40
0.1,temperature_conformal,3261,9,0.8570990493713585,0.8443230920772116,0.8391089108910891,0.0,95.557497700092,0.8559298685602221,0.7939092478498181,0.9056528544627558,prediction_sets_compact_alpha0.10.csv,seed0_calib0.40
0.1,top1_singleton,3261,9,0.0665440049064704,0.0794635552895259,0.06,0.0,1.0,0.0681582716373135,0.0350879764082495,0.1177940448027162,prediction_sets_compact_alpha0.10.csv,seed0_calib0.40
0.1,topk_calibrated,3261,9,0.8659920269855872,0.8625173070090046,0.8272727272727273,0.0,97.0,0.8659949329141824,0.8255470136014192,0.9081715382974184,prediction_sets_compact_alpha0.10.csv,seed0_calib0.40
0.1,vanilla_conformal,3261,9,0.8564857405703772,0.8326508820638371,0.8539603960396039,0.0,95.61085556577736,0.8541820496354753,0.7786309452832544,0.9157186880882164,prediction_sets_compact_alpha0.10.csv,seed0_calib0.40
0.1,aps_conformal,2836,9,0.9647390691114246,0.9659266484939376,0.9632183908045976,0.2222222222222222,110.3413258110014,0.9650189226068254,0.9552225150550996,0.976774612643709,prediction_sets_compact_alpha0.10.csv,seed1_calib0.10
0.1,coras,2836,9,0.9675599435825106,0.9744425327774806,0.9751461988304092,0.3333333333333333,110.85296191819464,0.9683859250473746,0.9529328009145838,0.983307456351451,prediction_sets_compact_alpha0.10.csv,seed1_calib0.10
0.1,coras_aps,2836,9,0.964033850493653,0.9722189016835588,0.9766081871345028,0.3333333333333333,109.8935119887165,0.9650134991936512,0.9436062539156354,0.9833549003539588,prediction_sets_compact_alpha0.10.csv,seed1_calib0.10
0.1,mondrian_domain,2836,9,0.9668547249647392,0.9737390762620108,0.9751461988304092,0.2222222222222222,109.6209449929478,0.9676534070429856,0.9525917749595532,0.9818200109749404,prediction_sets_compact_alpha0.10.csv,seed1_calib0.10
0.1,prompt_only_top1,2836,9,0.0669957686882933,0.0785121899224743,0.0666666666666666,0.0,1.0,0.0695059555329797,0.0438358123340794,0.1091499301830899,prediction_sets_compact_alpha0.10.csv,seed1_calib0.10
0.1,temperature_conformal,2836,9,0.9657968970380818,0.966188408876116,0.9678362573099416,0.1111111111111111,109.31029619181946,0.966053927816194,0.9538549448434324,0.9792319140919368,prediction_sets_compact_alpha0.10.csv,seed1_calib0.10
0.1,top1_singleton,2836,9,0.0839210155148095,0.091513314118943,0.1106194690265486,0.0,1.0,0.0870553312336591,0.0351921063720627,0.1533140454995054,prediction_sets_compact_alpha0.10.csv,seed1_calib0.10
0.1,topk_calibrated,2836,9,0.9686177715091678,0.9700509608904716,0.9682299546142208,0.2222222222222222,111.0,0.9690128322316638,0.9591375542913688,0.9807620819629432,prediction_sets_compact_alpha0.10.csv,seed1_calib0.10
0.1,vanilla_conformal,2836,9,0.9693229901269392,0.9711334768931944,0.9632183908045976,0.2222222222222222,112.05112834978844,0.9696182746341891,0.9589514771661772,0.9816631130063966,prediction_sets_compact_alpha0.10.csv,seed1_calib0.10
0.1,aps_conformal,2538,9,0.9247438928289992,0.935042565435894,0.946153846153846,0.0,103.94562647754135,0.9258304497211196,0.8929424355614098,0.958908902568684,prediction_sets_compact_alpha0.10.csv,seed1_calib0.25
0.1,coras,2538,9,0.917651694247439,0.934732664396328,0.9324090121317158,0.0,102.66706067769896,0.9188661031268986,0.895745177930622,0.9449046351238868,prediction_sets_compact_alpha0.10.csv,seed1_calib0.25
0.1,coras_aps,2538,9,0.9144996059889676,0.9322282297776494,0.9358752166377816,0.1111111111111111,101.20606776989756,0.915753868651736,0.8900129804639348,0.9457029851232136,prediction_sets_compact_alpha0.10.csv,seed1_calib0.25
0.1,mondrian_domain,2538,9,0.875886524822695,0.8970121912449616,0.9095238095238096,0.1111111111111111,93.07407407407408,0.8777523411883272,0.8383771042586954,0.9217990136172184,prediction_sets_compact_alpha0.10.csv,seed1_calib0.25
0.1,prompt_only_top1,2538,9,0.061859732072498,0.0697978534325971,0.046793760831889,0.0,1.0,0.0631394791543042,0.041159766259382,0.0943012626384896,prediction_sets_compact_alpha0.10.csv,seed1_calib0.25
0.1,temperature_conformal,2538,9,0.91725768321513,0.929133113264774,0.9394856278366112,0.0,101.84909377462569,0.9185345520214314,0.8835478876460163,0.953838686895816,prediction_sets_compact_alpha0.10.csv,seed1_calib0.25
0.1,top1_singleton,2538,9,0.0583136327817178,0.0726963812851008,0.0846153846153846,0.0,1.0,0.0609328986704043,0.0289602807547156,0.1059812527897633,prediction_sets_compact_alpha0.10.csv,seed1_calib0.25
0.1,topk_calibrated,2538,9,0.9113475177304964,0.92571440301418,0.9384615384615383,0.0,103.0,0.9127000262419636,0.8693820540595626,0.9536650857493228,prediction_sets_compact_alpha0.10.csv,seed1_calib0.25
0.1,vanilla_conformal,2538,9,0.9330181245074862,0.9425670164667312,0.9425113464447806,0.0,105.35066981875492,0.93426024208403,0.9076890088945362,0.9628984777097992,prediction_sets_compact_alpha0.10.csv,seed1_calib0.25
0.1,aps_conformal,2863,9,0.9154732797764584,0.916220567497466,0.9375,0.0,102.51030387705204,0.9153731298893366,0.8790449659386423,0.949875743415463,prediction_sets_compact_alpha0.10.csv,seed1_calib0.40
0.1,coras,2863,9,0.9228082431016416,0.9263768462195971,0.92894280762565,0.0,100.41634648969612,0.922194081938568,0.8921925553665947,0.946820104146389,prediction_sets_compact_alpha0.10.csv,seed1_calib0.40
0.1,coras_aps,2863,9,0.9224589591337756,0.92547613064001,0.9324090121317158,0.0,100.22493887530564,0.9217706611800364,0.8918604233382801,0.945358788676761,prediction_sets_compact_alpha0.10.csv,seed1_calib0.40
0.1,mondrian_domain,2863,9,0.9224589591337756,0.9201686935466464,0.9210526315789472,0.0,103.679706601467,0.9214186956616937,0.8852833488196464,0.9545567720733712,prediction_sets_compact_alpha0.10.csv,seed1_calib0.40
0.1,prompt_only_top1,2863,9,0.0705553615089067,0.0793179678316706,0.050595238095238,0.0,1.0,0.0714596485006778,0.0476140955550273,0.1012623164105443,prediction_sets_compact_alpha0.10.csv,seed1_calib0.40
0.1,temperature_conformal,2863,9,0.9011526370939574,0.903043985528379,0.9153846153846154,0.0,99.94446384910933,0.9012760210473324,0.8591337606400113,0.9405943594359436,prediction_sets_compact_alpha0.10.csv,seed1_calib0.40
0.1,top1_singleton,2863,9,0.0464547677261613,0.0532264189739268,0.028673835125448,0.0,1.0,0.0476471564508808,0.0263729444616816,0.08125,prediction_sets_compact_alpha0.10.csv,seed1_calib0.40
0.1,topk_calibrated,2863,9,0.8910234020258471,0.8972462181737606,0.92831541218638,0.0,99.0,0.8917578617260542,0.8470372786421683,0.9327113238882452,prediction_sets_compact_alpha0.10.csv,seed1_calib0.40
0.1,vanilla_conformal,2863,9,0.9252532308767027,0.9264371389732428,0.9384615384615383,0.0,104.51309814879497,0.9252301362288636,0.8932172930354125,0.9552990839930272,prediction_sets_compact_alpha0.10.csv,seed1_calib0.40
0.1,aps_conformal,3744,9,0.8811431623931624,0.890505349518219,0.934065934065934,0.0,97.57692307692308,0.8819890374879334,0.8226975187620907,0.9343263662944618,prediction_sets_compact_alpha0.10.csv,seed2_calib0.10
0.1,coras,3744,9,0.8645833333333334,0.8716934662460519,0.88,0.0,96.79246794871794,0.8649565886389035,0.8148405934506971,0.9157521714834376,prediction_sets_compact_alpha0.10.csv,seed2_calib0.10
0.1,coras_aps,3744,9,0.8600427350427351,0.8665105822447989,0.87,0.0,96.44871794871794,0.8604789228661528,0.8136204336014804,0.9096573882768842,prediction_sets_compact_alpha0.10.csv,seed2_calib0.10
0.1,mondrian_domain,3744,9,0.8624465811965812,0.8738428645873062,0.861904761904762,0.0,96.58760683760684,0.8640126462554647,0.8090877459336029,0.9304118570937632,prediction_sets_compact_alpha0.10.csv,seed2_calib0.10
0.1,prompt_only_top1,3744,9,0.0731837606837606,0.0758965702261739,0.0761904761904762,0.0,1.0,0.0724167283570511,0.0464511379826836,0.0982910245860769,prediction_sets_compact_alpha0.10.csv,seed2_calib0.10
0.1,temperature_conformal,3744,9,0.8894230769230769,0.9001999659332655,0.934065934065934,0.0,99.04380341880342,0.8905856167030383,0.846529333555702,0.934041166207904,prediction_sets_compact_alpha0.10.csv,seed2_calib0.10
0.1,top1_singleton,3744,9,0.0486111111111111,0.0579778899503521,0.048526863084922,0.0,1.0,0.0503140507226334,0.0323494513474085,0.0801530483510772,prediction_sets_compact_alpha0.10.csv,seed2_calib0.10
0.1,topk_calibrated,3744,9,0.9163995726495726,0.9200598469909094,0.9230769230769232,0.0,103.0,0.9166210452534864,0.8904560981909668,0.943317879440853,prediction_sets_compact_alpha0.10.csv,seed2_calib0.10
0.1,vanilla_conformal,3744,9,0.8739316239316239,0.8850753179551485,0.943661971830986,0.0,96.71901709401708,0.8749184560370218,0.8036129992874432,0.9355378761797464,prediction_sets_compact_alpha0.10.csv,seed2_calib0.10
0.1,aps_conformal,3329,9,0.8972664463802944,0.9043961045459926,0.9295774647887324,0.0,96.3826975067588,0.8994421104320495,0.8686004071757347,0.9386304429370014,prediction_sets_compact_alpha0.10.csv,seed2_calib0.25
0.1,coras,3329,9,0.8849504355662361,0.903701330424282,0.9314516129032258,0.1111111111111111,98.4058275758486,0.8867699141454245,0.8525801181672058,0.9240795152354696,prediction_sets_compact_alpha0.10.csv,seed2_calib0.25
0.1,coras_aps,3329,9,0.8792430159206969,0.8972852663791868,0.9153225806451613,0.1111111111111111,98.0381495944728,0.8808228924969087,0.8436626295026783,0.919955661770634,prediction_sets_compact_alpha0.10.csv,seed2_calib0.25
0.1,mondrian_domain,3329,9,0.8648242715530189,0.8927955093290075,0.918032786885246,0.1111111111111111,94.5881646139982,0.8680382448699504,0.8282012876317836,0.917595709207872,prediction_sets_compact_alpha0.10.csv,seed2_calib0.25
0.1,prompt_only_top1,3329,9,0.1105437068188645,0.1083956983132968,0.0879120879120879,0.0,1.0,0.1111469403020444,0.0699412706887346,0.1553758292405504,prediction_sets_compact_alpha0.10.csv,seed2_calib0.25
0.1,temperature_conformal,3329,9,0.8993691799339141,0.9083394937432742,0.9295774647887324,0.0,96.86001802343046,0.9017398592613955,0.8724989441857119,0.9401408209824954,prediction_sets_compact_alpha0.10.csv,seed2_calib0.25
0.1,top1_singleton,3329,9,0.0943226194052267,0.1060908658109305,0.0714285714285714,0.0,1.0,0.0991786765799928,0.0458831272174725,0.1736566375297587,prediction_sets_compact_alpha0.10.csv,seed2_calib0.25
0.1,topk_calibrated,3329,9,0.9038750375488136,0.9045169372371658,0.9230769230769232,0.0,98.0,0.9045872899297368,0.8737099272486486,0.936785372869168,prediction_sets_compact_alpha0.10.csv,seed2_calib0.25
0.1,vanilla_conformal,3329,9,0.8954641033343347,0.9063279066047024,0.9248826291079812,0.0,95.89396215079604,0.8979064957140254,0.86469122603472,0.9380343741256496,prediction_sets_compact_alpha0.10.csv,seed2_calib0.25
0.1,aps_conformal,4198,9,0.94402096236303,0.9382966884782572,0.9435897435897436,0.0,103.70176274416389,0.9429563603721588,0.9223599962956648,0.9568071434742714,prediction_sets_compact_alpha0.10.csv,seed2_calib0.40
0.1,coras,4198,9,0.934016198189614,0.9298754388514762,0.935483870967742,0.0,101.05740828966174,0.933022049713335,0.9026418766978328,0.9564810922443714,prediction_sets_compact_alpha0.10.csv,seed2_calib0.40
0.1,coras_aps,4198,9,0.9344926155312052,0.9300464715881902,0.9316939890710384,0.0,101.5440686040972,0.9333995983319888,0.8999738332936073,0.95814258471413,prediction_sets_compact_alpha0.10.csv,seed2_calib0.40
0.1,mondrian_domain,4198,9,0.941638875655074,0.9376709013114144,0.941025641025641,0.0,103.379942829919,0.940683692761375,0.913267449129939,0.9616414994289564,prediction_sets_compact_alpha0.10.csv,seed2_calib0.40
0.1,prompt_only_top1,4198,9,0.0857551214864221,0.1121625092060105,0.1147540983606557,0.0,1.0,0.0898394652329265,0.0515977870907928,0.1481143552311435,prediction_sets_compact_alpha0.10.csv,seed2_calib0.40
0.1,temperature_conformal,4198,9,0.945926631729395,0.9444944339642226,0.946153846153846,0.0,104.3377798951882,0.9454787712315,0.927503120267744,0.9588046632398676,prediction_sets_compact_alpha0.10.csv,seed2_calib0.40
0.1,top1_singleton,4198,9,0.0864697474988089,0.1239004054923744,0.1092436974789916,0.0,1.0,0.0922016793603554,0.042663424500982,0.1638651941116816,prediction_sets_compact_alpha0.10.csv,seed2_calib0.40
0.1,topk_calibrated,4198,9,0.9263935207241544,0.9318625633997352,0.943661971830986,0.0,100.0,0.927052586450716,0.9094464704350091,0.9464964737769532,prediction_sets_compact_alpha0.10.csv,seed2_calib0.40
0.1,vanilla_conformal,4198,9,0.9475940924249644,0.9375529322437954,0.9453551912568308,0.0,105.44640304907098,0.945946290351721,0.9215341915552114,0.9624261354149808,prediction_sets_compact_alpha0.10.csv,seed2_calib0.40
