method,alpha,n,token_coverage,mean_set_size,mean_codebook_quant_l2,p90_codebook_quant_l2,top1_action_l2_mean,top1_action_l2_p90,set_oracle_action_l2_mean,set_oracle_action_l2_p90,action_l2_improvement_vs_top1,mean_set_action_diameter,p90_set_action_diameter,empty_set_rate,file,run_dir
aps_conformal,0.1,2524,0.904120443740095,20.698494453248813,26.114877700805664,41.565425872802734,128.78387451171875,254.84291076660156,29.794280850943977,50.25813903808595,98.98959614867832,397.25675485855805,458.6599731445313,0.0,prediction_sets_aps_conformal_alpha0.10.csv,seed0_calib0.10
coras,0.1,2524,0.8858954041204438,14.156101426307448,26.114877700805664,41.565425872802734,107.36651611328124,227.63926696777344,30.47581460873601,51.7295967102051,76.89070677346359,335.5603220391009,436.9879150390625,0.0,prediction_sets_coras_alpha0.10.csv,seed0_calib0.10
coras_aps,0.1,2524,0.8918383518225039,14.73137876386688,26.114877700805664,41.565425872802734,107.36651611328124,227.63926696777344,29.910343583195033,50.250472640991234,77.45617779900458,339.098984036695,436.9879150390625,0.0,prediction_sets_coras_aps_alpha0.10.csv,seed0_calib0.10
mondrian_domain,0.1,2524,0.873217115689382,13.42472266244057,26.114877700805664,41.565425872802734,107.36651611328124,227.63926696777344,31.31614380890707,52.951470947265626,76.05037757329254,323.16784782379443,436.9879150390625,0.0,prediction_sets_mondrian_domain_alpha0.10.csv,seed0_calib0.10
prompt_only_top1,0.1,2524,0.2131537242472266,1.0,26.114877700805664,41.565425872802734,107.36651611328124,227.63926696777344,107.3665213821996,227.6392715454102,0.0,0.0,0.0,0.0,prediction_sets_prompt_only_top1_alpha0.10.csv,seed0_calib0.10
temperature_conformal,0.1,2524,0.900554675118859,20.735340729001585,26.114877700805664,41.565425872802734,128.78387451171875,254.84291076660156,29.85941341864137,50.336207199096705,98.92446358098093,400.7643875388071,458.6599731445313,0.0,prediction_sets_temperature_conformal_alpha0.10.csv,seed0_calib0.10
top1_singleton,0.1,2524,0.1398573692551505,1.0,26.114877700805664,41.565425872802734,128.78387451171875,254.84291076660156,128.7838769996223,254.84291076660156,0.0,0.0,0.0,0.0,prediction_sets_top1_singleton_alpha0.10.csv,seed0_calib0.10
topk_calibrated,0.1,2524,0.9033280507131536,22.0,26.114877700805664,41.565425872802734,128.78387451171875,254.84291076660156,29.557166636367985,50.03074989318848,99.2267103632543,417.069384059513,458.6599731445313,0.0,prediction_sets_topk_calibrated_alpha0.10.csv,seed0_calib0.10
vanilla_conformal,0.1,2524,0.9057052297939778,20.777337559429476,26.114877700805664,41.565425872802734,128.78387451171875,254.84291076660156,30.03616020343194,50.54536857604981,98.74771679619036,395.8039517500888,458.6599731445313,0.0,prediction_sets_vanilla_conformal_alpha0.10.csv,seed0_calib0.10
aps_conformal,0.1,2629,0.9147965005705592,20.382655001901863,24.77145767211914,39.40610122680664,123.659423828125,247.8014984130859,28.017650950701466,46.912933349609375,95.64176529505352,388.03016246739065,458.6599731445313,0.0,prediction_sets_aps_conformal_alpha0.10.csv,seed0_calib0.25
coras,0.1,2629,0.9075694180296692,14.0418410041841,24.77145767211914,39.40610122680664,98.52278137207033,209.3438262939453,28.107464098488823,46.58474655151368,70.41531893630226,331.05232142712873,436.9879150390625,0.0,prediction_sets_coras_alpha0.10.csv,seed0_calib0.25
coras_aps,0.1,2629,0.9087105363255992,14.243058197033092,24.77145767211914,39.40610122680664,98.52278137207033,209.3438262939453,27.793680036419943,46.26582794189457,70.72910299837113,331.6493507463608,436.9879150390625,0.0,prediction_sets_coras_aps_alpha0.10.csv,seed0_calib0.25
mondrian_domain,0.1,2629,0.895017116774439,13.02814758463294,24.77145767211914,39.40610122680664,98.52278137207033,209.3438262939453,28.76517484495795,47.85299377441408,69.75760818983312,315.5401800539431,436.9879150390625,0.0,prediction_sets_mondrian_domain_alpha0.10.csv,seed0_calib0.25
prompt_only_top1,0.1,2629,0.2346899961962723,1.0,24.77145767211914,39.40610122680664,98.52278137207033,209.3438262939453,98.52278303479108,209.34383544921877,0.0,0.0,0.0,0.0,prediction_sets_prompt_only_top1_alpha0.10.csv,seed0_calib0.25
temperature_conformal,0.1,2629,0.9155572461011792,20.679726131608977,24.77145767211914,39.40610122680664,123.659423828125,247.8014984130859,28.03209278567033,46.92205810546875,95.62732346008468,393.11879717165544,458.6599731445313,0.0,prediction_sets_temperature_conformal_alpha0.10.csv,seed0_calib0.25
top1_singleton,0.1,2629,0.1513883605933815,1.0,24.77145767211914,39.40610122680664,123.659423828125,247.8014984130859,123.659416245755,247.8015014648438,0.0,0.0,0.0,0.0,prediction_sets_top1_singleton_alpha0.10.csv,seed0_calib0.25
topk_calibrated,0.1,2629,0.9140357550399392,22.0,24.77145767211914,39.40610122680664,123.659423828125,247.8014984130859,27.924888628300103,46.181166839599626,95.73452761745487,412.2033903137184,458.6599731445313,0.0,prediction_sets_topk_calibrated_alpha0.10.csv,seed0_calib0.25
vanilla_conformal,0.1,2629,0.9109927729174592,20.373526055534423,24.77145767211914,39.40610122680664,123.659423828125,247.8014984130859,28.330564599771854,47.14295730590821,95.32885164598314,386.4922239405885,458.6599731445313,0.0,prediction_sets_vanilla_conformal_alpha0.10.csv,seed0_calib0.25
aps_conformal,0.1,2430,0.9189300411522634,19.894238683127572,24.96054458618164,40.0101318359375,122.12394714355467,246.1718292236328,27.983921035428228,46.395023345947266,94.14001560785152,382.3190658569336,458.6599731445313,0.0,prediction_sets_aps_conformal_alpha0.10.csv,seed0_calib0.40
coras,0.1,2430,0.9074074074074074,13.704115226337448,24.96054458618164,40.0101318359375,96.45711517333984,206.7292938232422,28.87812643473347,47.9493049621582,67.57898193850438,327.3490320135046,436.9879150390625,0.0,prediction_sets_coras_alpha0.10.csv,seed0_calib0.40
coras_aps,0.1,2430,0.9111111111111112,13.910699588477366,24.96054458618164,40.0101318359375,96.45711517333984,206.7292938232422,28.46184475422212,47.430042266845696,67.99526361901573,327.15448866165224,436.9879150390625,0.0,prediction_sets_coras_aps_alpha0.10.csv,seed0_calib0.40
mondrian_domain,0.1,2430,0.9069958847736626,13.04074074074074,24.96054458618164,40.0101318359375,96.45711517333984,206.7292938232422,28.83416395379008,48.21717224121094,67.62294441944778,315.2471608730991,436.9879150390625,0.0,prediction_sets_mondrian_domain_alpha0.10.csv,seed0_calib0.40
prompt_only_top1,0.1,2430,0.2415637860082304,1.0,24.96054458618164,40.0101318359375,96.45711517333984,206.7292938232422,96.45710837323786,206.72929992675785,0.0,0.0,0.0,0.0,prediction_sets_prompt_only_top1_alpha0.10.csv,seed0_calib0.40
temperature_conformal,0.1,2430,0.9246913580246914,20.192592592592593,24.96054458618164,40.0101318359375,122.12394714355467,246.1718292236328,27.90583607817199,45.92238159179687,94.21810056510776,386.9890132386008,458.6599731445313,0.0,prediction_sets_temperature_conformal_alpha0.10.csv,seed0_calib0.40
top1_singleton,0.1,2430,0.1493827160493827,1.0,24.96054458618164,40.0101318359375,122.12394714355467,246.1718292236328,122.12393664327976,246.1720947265623,0.0,0.0,0.0,0.0,prediction_sets_top1_singleton_alpha0.10.csv,seed0_calib0.40
topk_calibrated,0.1,2430,0.9271604938271604,22.0,24.96054458618164,40.0101318359375,122.12394714355467,246.1718292236328,27.4163127659065,45.96859855651855,94.70762387737324,409.5476861396445,458.6599731445313,0.0,prediction_sets_topk_calibrated_alpha0.10.csv,seed0_calib0.40
vanilla_conformal,0.1,2430,0.9193415637860082,20.07283950617284,24.96054458618164,40.0101318359375,122.12394714355467,246.1718292236328,28.026597960302492,46.339210891723624,94.09733868297728,382.4896965309426,458.6599731445313,0.0,prediction_sets_vanilla_conformal_alpha0.10.csv,seed0_calib0.40
aps_conformal,0.1,2473,0.9033562474727052,20.26688232915487,25.942110061645508,40.988155364990234,137.39517211914062,286.6786804199219,29.59555858393225,50.244480895996105,107.79960313835848,392.593070391552,458.6599731445313,0.0,prediction_sets_aps_conformal_alpha0.10.csv,seed1_calib0.10
coras,0.1,2473,0.909826122118884,13.386170642943792,25.942110061645508,40.988155364990234,101.27606964111328,215.0472412109375,29.888849114825188,48.19606246948244,71.38721825220098,315.16265457282896,403.6817626953125,0.0,prediction_sets_coras_alpha0.10.csv,seed1_calib0.10
coras_aps,0.1,2473,0.8972907399919127,13.150424585523655,25.942110061645508,40.988155364990234,101.27606964111328,215.0472412109375,30.1237368055872,48.91258544921875,71.15233056143896,309.9983277835684,403.6817626953125,0.0,prediction_sets_coras_aps_alpha0.10.csv,seed1_calib0.10
mondrian_domain,0.1,2473,0.9296401132228064,14.149211484027497,25.942110061645508,40.988155364990234,101.27606964111328,215.0472412109375,28.97670544013592,46.50323486328126,72.29936192689024,320.930210358789,403.6817626953125,0.0,prediction_sets_mondrian_domain_alpha0.10.csv,seed1_calib0.10
prompt_only_top1,0.1,2473,0.2430246663970885,1.0,25.942110061645508,40.988155364990234,101.27606964111328,215.0472412109375,101.27606736702616,215.04724121093753,0.0,0.0,0.0,0.0,prediction_sets_prompt_only_top1_alpha0.10.csv,seed1_calib0.10
temperature_conformal,0.1,2473,0.9126566922765872,21.00930044480388,25.942110061645508,40.988155364990234,137.39517211914062,286.6786804199219,29.299294326335396,48.88827209472657,108.09586739595537,399.52150216972205,458.6599731445313,0.0,prediction_sets_temperature_conformal_alpha0.10.csv,seed1_calib0.10
top1_singleton,0.1,2473,0.1289931257581884,1.0,25.942110061645508,40.988155364990234,137.39517211914062,286.6786804199219,137.39516172229074,286.67868652343753,0.0,0.0,0.0,0.0,prediction_sets_top1_singleton_alpha0.10.csv,seed1_calib0.10
topk_calibrated,0.1,2473,0.9239789729074,23.0,25.942110061645508,40.988155364990234,137.39517211914062,286.6786804199219,28.65764142801549,48.008435058593754,108.73752029427526,419.37914280133646,458.6599731445313,0.0,prediction_sets_topk_calibrated_alpha0.10.csv,seed1_calib0.10
vanilla_conformal,0.1,2473,0.9082086534573393,20.75495349777598,25.942110061645508,40.988155364990234,137.39517211914062,286.6786804199219,29.518458814480336,49.75983505249024,107.8767029078104,394.0054199181729,458.6599731445313,0.0,prediction_sets_vanilla_conformal_alpha0.10.csv,seed1_calib0.10
aps_conformal,0.1,2295,0.9119825708061002,21.029193899782136,25.852954864501953,41.307674407958984,127.7375030517578,257.8282165527344,28.943883700282484,49.25922775268555,98.79362262793876,391.3802490167888,458.6599731445313,0.0,prediction_sets_aps_conformal_alpha0.10.csv,seed1_calib0.25
coras,0.1,2295,0.915032679738562,13.58082788671024,25.852954864501953,41.307674407958984,98.94824981689452,219.26705932617188,29.075240073302737,48.749993896484355,69.87300964505584,314.0921886701729,403.6817626953125,0.0,prediction_sets_coras_alpha0.10.csv,seed1_calib0.25
coras_aps,0.1,2295,0.9115468409586056,13.759477124183007,25.852954864501953,41.307674407958984,98.94824981689452,219.26705932617188,28.946279849907413,48.749993896484355,70.00196986845116,313.35068166396195,403.6817626953125,0.0,prediction_sets_coras_aps_alpha0.10.csv,seed1_calib0.25
mondrian_domain,0.1,2295,0.8971677559912854,12.396949891067536,25.852954864501953,41.307674407958984,98.94824981689452,219.26705932617188,30.045185795770493,51.184425354003906,68.90306392258809,300.58035771987016,403.6817626953125,0.0,prediction_sets_mondrian_domain_alpha0.10.csv,seed1_calib0.25
prompt_only_top1,0.1,2295,0.2570806100217865,1.0,25.852954864501953,41.307674407958984,98.94824981689452,219.26705932617188,98.94824971835855,219.26712951660153,0.0,0.0,0.0,0.0,prediction_sets_prompt_only_top1_alpha0.10.csv,seed1_calib0.25
temperature_conformal,0.1,2295,0.9145969498910675,21.24923747276689,25.852954864501953,41.307674407958984,127.7375030517578,257.8282165527344,28.784593707985348,48.11559677124023,98.95291262023588,394.76596773434306,458.6599731445313,0.0,prediction_sets_temperature_conformal_alpha0.10.csv,seed1_calib0.25
top1_singleton,0.1,2295,0.1389978213507625,1.0,25.852954864501953,41.307674407958984,127.7375030517578,257.8282165527344,127.73750632822124,257.8282836914062,0.0,0.0,0.0,0.0,prediction_sets_top1_singleton_alpha0.10.csv,seed1_calib0.25
topk_calibrated,0.1,2295,0.9041394335511984,22.0,25.852954864501953,41.307674407958984,127.7375030517578,257.8282165527344,28.980572913103373,49.26189193725586,98.75693341511789,407.82275683168234,458.6599731445313,0.0,prediction_sets_topk_calibrated_alpha0.10.csv,seed1_calib0.25
vanilla_conformal,0.1,2295,0.918082788671024,21.281045751633982,25.852954864501953,41.307674407958984,127.7375030517578,257.8282165527344,28.7616869593238,48.0153610229492,98.97581936889743,391.7270661464184,458.6599731445313,0.0,prediction_sets_vanilla_conformal_alpha0.10.csv,seed1_calib0.25
aps_conformal,0.1,2433,0.9194410193177148,19.97657213316893,25.989137649536133,42.179107666015625,119.75552368164062,240.6142578125,28.8022772300846,48.26122207641605,90.95324841701488,375.5906493268874,458.6599731445313,0.0,prediction_sets_aps_conformal_alpha0.10.csv,seed1_calib0.40
coras,0.1,2433,0.8997122893547062,12.58281956432388,25.989137649536133,42.179107666015625,95.51954650878906,209.0246429443359,29.50997558467632,50.545890045166026,66.00956873370941,297.89531094872115,403.6817626953125,0.0,prediction_sets_coras_alpha0.10.csv,seed1_calib0.40
coras_aps,0.1,2433,0.8988902589395807,12.798602548294287,25.989137649536133,42.179107666015625,95.51954650878906,209.0246429443359,29.315746836171343,50.290888977050784,66.2037974822144,296.5586317715408,403.6817626953125,0.0,prediction_sets_coras_aps_alpha0.10.csv,seed1_calib0.40
mondrian_domain,0.1,2433,0.8873818331278257,11.939580764488284,25.989137649536133,42.179107666015625,95.51954650878906,209.0246429443359,30.114932420098924,51.184425354003906,65.40461189828682,288.00404080392104,403.6817626953125,0.0,prediction_sets_mondrian_domain_alpha0.10.csv,seed1_calib0.40
prompt_only_top1,0.1,2433,0.2478421701602959,1.0,25.989137649536133,42.179107666015625,95.51954650878906,209.0246429443359,95.51954431838574,209.0246337890625,0.0,0.0,0.0,0.0,prediction_sets_prompt_only_top1_alpha0.10.csv,seed1_calib0.40
temperature_conformal,0.1,2433,0.919030004110152,20.514180024660913,25.989137649536133,42.179107666015625,119.75552368164062,240.6142578125,28.764929272096637,48.295511627197264,90.99059637500288,382.3896826615904,458.6599731445313,0.0,prediction_sets_temperature_conformal_alpha0.10.csv,seed1_calib0.40
top1_singleton,0.1,2433,0.1504315659679408,1.0,25.989137649536133,42.179107666015625,119.75552368164062,240.6142578125,119.7555256470995,240.61424865722665,0.0,0.0,0.0,0.0,prediction_sets_top1_singleton_alpha0.10.csv,seed1_calib0.40
topk_calibrated,0.1,2433,0.9157418824496506,22.0,25.989137649536133,42.179107666015625,119.75552368164062,240.6142578125,28.698563498354133,48.295511627197264,91.05696214874536,401.43712697811105,458.6599731445313,0.0,prediction_sets_topk_calibrated_alpha0.10.csv,seed1_calib0.40
vanilla_conformal,0.1,2433,0.919030004110152,20.15906288532676,25.989137649536133,42.179107666015625,119.75552368164062,240.6142578125,28.767979806360277,48.551999664306656,90.98754584073924,376.1798428160342,458.6599731445313,0.0,prediction_sets_vanilla_conformal_alpha0.10.csv,seed1_calib0.40
aps_conformal,0.1,2441,0.9033183121671446,20.623924621056943,25.43955421447754,39.57642364501953,121.33098602294922,245.59860229492188,28.86103348473651,46.10100936889648,92.46994433704334,387.544299387043,458.6599731445313,0.0,prediction_sets_aps_conformal_alpha0.10.csv,seed2_calib0.10
coras,0.1,2441,0.9156083572306432,13.706267922982384,25.43955421447754,39.57642364501953,93.43358612060548,192.4210205078125,28.251684642531547,45.014991760253906,65.18190463824332,319.9299968749175,436.9879150390625,0.0,prediction_sets_coras_alpha0.10.csv,seed2_calib0.10
coras_aps,0.1,2441,0.9127406800491602,13.904547316673494,25.43955421447754,39.57642364501953,93.43358612060548,192.4210205078125,28.103011549324933,44.753082275390625,65.33057773144995,320.23567300817604,436.9879150390625,0.0,prediction_sets_coras_aps_alpha0.10.csv,seed2_calib0.10
mondrian_domain,0.1,2441,0.9102826710364604,13.822204014748054,25.43955421447754,39.57642364501953,93.43358612060548,192.4210205078125,28.28882375548776,44.997676849365234,65.14476552528711,316.328274732728,458.6599731445313,0.0,prediction_sets_mondrian_domain_alpha0.10.csv,seed2_calib0.10
prompt_only_top1,0.1,2441,0.2498975829578041,1.0,25.43955421447754,39.57642364501953,93.43358612060548,192.4210205078125,93.43358928077488,192.4210205078125,0.0,0.0,0.0,0.0,prediction_sets_prompt_only_top1_alpha0.10.csv,seed2_calib0.10
temperature_conformal,0.1,2441,0.891028267103646,20.33633756657108,25.43955421447754,39.57642364501953,121.33098602294922,245.59860229492188,29.39732940972999,47.71026611328125,91.93364841204986,387.9668506026903,458.6599731445313,0.0,prediction_sets_temperature_conformal_alpha0.10.csv,seed2_calib0.10
top1_singleton,0.1,2441,0.1589512494879147,1.0,25.43955421447754,39.57642364501953,121.33098602294922,245.59860229492188,121.33097782177984,245.59860229492188,0.0,0.0,0.0,0.0,prediction_sets_top1_singleton_alpha0.10.csv,seed2_calib0.10
topk_calibrated,0.1,2441,0.9086439983613274,23.0,25.43955421447754,39.57642364501953,121.33098602294922,245.59860229492188,28.499118026750395,45.9181022644043,92.83185979502946,413.8793983193803,458.6599731445313,0.0,prediction_sets_topk_calibrated_alpha0.10.csv,seed2_calib0.10
vanilla_conformal,0.1,2441,0.902498975829578,20.35395329782876,25.43955421447754,39.57642364501953,121.33098602294922,245.59860229492188,29.054170814780417,46.66275787353515,92.27680700699943,384.1590371325289,458.6599731445313,0.0,prediction_sets_vanilla_conformal_alpha0.10.csv,seed2_calib0.10
aps_conformal,0.1,2382,0.9282115869017632,21.751889168765743,26.314376831054688,41.44684219360352,129.4413604736328,262.115478515625,28.58522515307946,46.76315422058106,100.85612208446868,405.130540135125,458.6599731445313,0.0,prediction_sets_aps_conformal_alpha0.10.csv,seed2_calib0.25
coras,0.1,2382,0.918975650713686,13.258606213266162,26.314376831054688,41.44684219360352,94.55008697509766,202.71710205078125,28.93252341137725,47.54317855834961,65.61756155645517,314.7538841673549,436.9879150390625,0.0,prediction_sets_coras_alpha0.10.csv,seed2_calib0.25
coras_aps,0.1,2382,0.91183879093199,13.384130982367758,26.314376831054688,41.44684219360352,94.55008697509766,202.71710205078125,28.99310959071096,48.46944580078125,65.55697537712146,314.05682680849065,436.9879150390625,0.0,prediction_sets_coras_aps_alpha0.10.csv,seed2_calib0.25
mondrian_domain,0.1,2382,0.8950461796809404,11.95549958018472,26.314376831054688,41.44684219360352,94.55008697509766,202.71710205078125,29.78405062002259,50.19050598144531,64.76603434780984,298.147923757007,403.6817626953125,0.0,prediction_sets_mondrian_domain_alpha0.10.csv,seed2_calib0.25
prompt_only_top1,0.1,2382,0.2460117548278757,1.0,26.314376831054688,41.44684219360352,94.55008697509766,202.71710205078125,94.55008496783242,202.71715698242193,0.0,0.0,0.0,0.0,prediction_sets_prompt_only_top1_alpha0.10.csv,seed2_calib0.25
temperature_conformal,0.1,2382,0.922334172963896,21.511335012594454,26.314376831054688,41.44684219360352,129.4413604736328,262.115478515625,28.91894516411396,47.80452156066895,100.52240207343418,405.8202198967025,458.6599731445313,0.0,prediction_sets_temperature_conformal_alpha0.10.csv,seed2_calib0.25
top1_singleton,0.1,2382,0.1528127623845508,1.0,26.314376831054688,41.44684219360352,129.4413604736328,262.115478515625,129.44134723754814,262.1154968261719,0.0,0.0,0.0,0.0,prediction_sets_top1_singleton_alpha0.10.csv,seed2_calib0.25
topk_calibrated,0.1,2382,0.9298908480268682,24.0,26.314376831054688,41.44684219360352,129.4413604736328,262.115478515625,28.440296615251064,46.724640274047864,101.00105062229709,426.2058304691394,458.6599731445313,0.0,prediction_sets_topk_calibrated_alpha0.10.csv,seed2_calib0.25
vanilla_conformal,0.1,2382,0.9248530646515534,21.26784214945424,26.314376831054688,41.44684219360352,129.4413604736328,262.115478515625,28.862250213709125,47.2353012084961,100.579097023839,400.5903951034738,458.6599731445313,0.0,prediction_sets_vanilla_conformal_alpha0.10.csv,seed2_calib0.25
aps_conformal,0.1,2673,0.9154508043396932,20.792742237186683,26.4219913482666,43.25424575805664,132.0605926513672,268.18670654296875,29.29822171552771,49.48734970092775,102.76237525266072,395.93502543599607,458.6599731445313,0.0,prediction_sets_aps_conformal_alpha0.10.csv,seed2_calib0.40
coras,0.1,2673,0.908342686120464,13.24055368499813,26.4219913482666,43.25424575805664,96.6052703857422,204.5348358154297,29.89048341363724,50.08095855712891,66.71478901592212,312.5245899966804,403.6817626953125,0.0,prediction_sets_coras_alpha0.10.csv,seed2_calib0.40
coras_aps,0.1,2673,0.9113355780022446,13.548073325851105,26.4219913482666,43.25424575805664,96.6052703857422,204.5348358154297,29.511149892390467,49.61634521484375,67.0941225371689,314.50571774597967,436.9879150390625,0.0,prediction_sets_coras_aps_alpha0.10.csv,seed2_calib0.40
mondrian_domain,0.1,2673,0.90347923681257,12.723905723905723,26.4219913482666,43.25424575805664,96.6052703857422,204.5348358154297,29.940224670556617,50.60724029541016,66.66504775900275,305.5893820788679,403.6817626953125,0.0,prediction_sets_mondrian_domain_alpha0.10.csv,seed2_calib0.40
prompt_only_top1,0.1,2673,0.242798353909465,1.0,26.4219913482666,43.25424575805664,96.6052703857422,204.5348358154297,96.60527242955936,204.53483581542972,0.0,0.0,0.0,0.0,prediction_sets_prompt_only_top1_alpha0.10.csv,seed2_calib0.40
temperature_conformal,0.1,2673,0.9165731387953612,20.736251402918068,26.4219913482666,43.25424575805664,132.0605926513672,268.18670654296875,29.255565133850272,49.48734970092775,102.80503183433817,398.1387573995708,458.6599731445313,0.0,prediction_sets_temperature_conformal_alpha0.10.csv,seed2_calib0.40
top1_singleton,0.1,2673,0.134306023194912,1.0,26.4219913482666,43.25424575805664,132.0605926513672,268.18670654296875,132.06059696818843,268.18668212890634,0.0,0.0,0.0,0.0,prediction_sets_top1_singleton_alpha0.10.csv,seed2_calib0.40
topk_calibrated,0.1,2673,0.9210624766180322,23.0,26.4219913482666,43.25424575805664,132.0605926513672,268.18670654296875,28.832860797364926,48.82489166259768,103.2277361708235,417.57419606446774,458.6599731445313,0.0,prediction_sets_topk_calibrated_alpha0.10.csv,seed2_calib0.40
vanilla_conformal,0.1,2673,0.9188178077066966,20.70744481855593,26.4219913482666,43.25424575805664,132.0605926513672,268.18670654296875,29.391946952462508,49.2264389038086,102.66865001572592,393.83341780183383,458.6599731445313,0.0,prediction_sets_vanilla_conformal_alpha0.10.csv,seed2_calib0.40
