method,domain,n_runs,coverage_mean,coverage_std,mean_set_size_mean,mean_set_size_std,top1_accuracy_mean,top1_accuracy_std,fail_to_abstain_rate_mean,fail_to_abstain_rate_std
aps_conformal,pusht_shift_blur_noise,9,0.9086806494671937,0.031025388855664086,45.90593191509585,1.3799784449124572,0.06858822465634061,0.011748184870441582,0.0,0.0
aps_conformal,pusht_shift_camera_crop,9,0.9679671124001068,0.01087559446326333,40.8046447911744,1.7240136683784064,0.12584006827713956,0.012450114354292973,0.0,0.0
aps_conformal,pusht_shift_lighting,9,0.8604932981497585,0.0318060840459557,41.34123043652658,2.483959901749301,0.0826206245296473,0.011650711645365443,0.0,0.0
aps_conformal,pusht_shift_occlusion,9,0.914226574799801,0.028449304144482993,40.52687838493093,2.3887926473120977,0.0829883255525829,0.017811072208647534,0.0,0.0
coras,pusht_shift_blur_noise,9,0.9099465919040023,0.02019412944992063,28.506314281570983,1.0457754174671434,0.15014686193470875,0.018357086617139393,0.0,0.0
coras,pusht_shift_camera_crop,9,0.9381256313512516,0.012369646972556892,22.299498753657936,0.9573257771897556,0.18575535703841034,0.023071439339656264,0.0,0.0
coras,pusht_shift_lighting,9,0.9051743899589193,0.022347524315603648,29.31230397320708,1.6425897425154374,0.1636801721103263,0.025971816746463573,0.0,0.0
coras,pusht_shift_occlusion,9,0.8740816363038569,0.045725694350858555,28.915712584075695,1.0874434467409568,0.11260958495498875,0.024373116054842554,0.0,0.0
coras_aps,pusht_shift_blur_noise,9,0.9132707534637725,0.019931266806246097,28.96995698612504,0.8680658051088936,0.15014686193470875,0.018357086617139393,0.0,0.0
coras_aps,pusht_shift_camera_crop,9,0.9326926784129687,0.011202682241135218,21.849337339380188,1.254949792446335,0.18575535703841034,0.023071439339656264,0.0003558681530783667,0.0007414345773079507
coras_aps,pusht_shift_lighting,9,0.9084647616302559,0.01754624369954359,29.657113401336282,2.067764405224813,0.1636801721103263,0.025971816746463573,0.00034012918173673335,0.0006770038299375898
coras_aps,pusht_shift_occlusion,9,0.8739587066195704,0.04213321595908964,29.200087644049297,1.0963339506715637,0.11260958495498875,0.024373116054842554,0.0,0.0
mondrian_domain,pusht_shift_blur_noise,9,0.8698237234639696,0.04650624643395651,24.191926098333575,3.6092709877398206,0.15014686193470875,0.018357086617139393,0.0,0.0
mondrian_domain,pusht_shift_camera_crop,9,0.9094264593150042,0.018021978736947015,18.831886809748486,1.9172223048634565,0.18575535703841034,0.023071439339656264,0.0,0.0
mondrian_domain,pusht_shift_lighting,9,0.9160460907789569,0.02214716551741648,31.009039917611137,4.63882497163654,0.1636801721103263,0.025971816746463573,0.0,0.0
mondrian_domain,pusht_shift_occlusion,9,0.9141637334346997,0.03723672888829808,33.671573715853036,3.2723988449345978,0.11260958495498875,0.024373116054842554,0.0,0.0
prompt_only_top1,pusht_shift_blur_noise,9,0.15014686193470875,0.018357086617139393,1.0,0.0,0.15014686193470875,0.018357086617139393,0.8498531380652913,0.018357086617139386
prompt_only_top1,pusht_shift_camera_crop,9,0.18575535703841034,0.023071439339656264,1.0,0.0,0.18575535703841034,0.023071439339656264,0.8142446429615897,0.023071439339656257
prompt_only_top1,pusht_shift_lighting,9,0.1636801721103263,0.025971816746463573,1.0,0.0,0.1636801721103263,0.025971816746463573,0.8363198278896736,0.025971816746463566
prompt_only_top1,pusht_shift_occlusion,9,0.11260958495498875,0.024373116054842554,1.0,0.0,0.11260958495498875,0.024373116054842554,0.8873904150450111,0.024373116054842554
temperature_conformal,pusht_shift_blur_noise,9,0.9014554367794569,0.0282145690790796,45.19563610679728,1.5430885262186365,0.06858822465634061,0.011748184870441582,0.0,0.0
temperature_conformal,pusht_shift_camera_crop,9,0.9694707751617094,0.011072079473831322,41.17093244381508,1.835230901247179,0.12584006827713956,0.012450114354292973,0.0,0.0
temperature_conformal,pusht_shift_lighting,9,0.8609025130231864,0.029297086680825677,41.60841132049238,2.436566108383219,0.0826206245296473,0.011650711645365443,0.0,0.0
temperature_conformal,pusht_shift_occlusion,9,0.9179028266502605,0.027131743335546073,41.03283046940739,2.376120010520589,0.0829883255525829,0.017811072208647534,0.0,0.0
top1_singleton,pusht_shift_blur_noise,9,0.06858822465634061,0.011748184870441582,1.0,0.0,0.06858822465634061,0.011748184870441582,0.9314117753436594,0.0117481848704416
top1_singleton,pusht_shift_camera_crop,9,0.12584006827713956,0.012450114354292973,1.0,0.0,0.12584006827713956,0.012450114354292973,0.8741599317228604,0.01245011435429298
top1_singleton,pusht_shift_lighting,9,0.0826206245296473,0.011650711645365443,1.0,0.0,0.0826206245296473,0.011650711645365443,0.9173793754703526,0.011650711645365448
top1_singleton,pusht_shift_occlusion,9,0.0829883255525829,0.017811072208647534,1.0,0.0,0.0829883255525829,0.017811072208647534,0.917011674447417,0.017811072208647534
topk_calibrated,pusht_shift_blur_noise,9,0.8819931302684061,0.02482820641896468,44.77777777777778,2.223610677354389,0.06858822465634061,0.011748184870441582,0.0,0.0
topk_calibrated,pusht_shift_camera_crop,9,0.964435903550436,0.0121824140326094,44.77777777777778,2.223610677354389,0.12584006827713956,0.012450114354292973,0.0,0.0
topk_calibrated,pusht_shift_lighting,9,0.8848124625157828,0.026090647654657174,44.77777777777778,2.223610677354389,0.0826206245296473,0.011650711645365443,0.0,0.0
topk_calibrated,pusht_shift_occlusion,9,0.9281208700529926,0.021033783561366422,44.77777777777778,2.223610677354389,0.0829883255525829,0.017811072208647534,0.0,0.0
vanilla_conformal,pusht_shift_blur_noise,9,0.9119906543045614,0.030148342566151336,46.1017645833158,1.4419203812274817,0.06858822465634061,0.011748184870441582,0.0,0.0
vanilla_conformal,pusht_shift_camera_crop,9,0.9685251751775485,0.012389476964831315,40.544740227860224,1.7671037745309843,0.12584006827713956,0.012450114354292973,0.0,0.0
vanilla_conformal,pusht_shift_lighting,9,0.8479352389593844,0.03212781788851437,40.45861109611581,2.7177901356408873,0.0826206245296473,0.011650711645365443,0.0,0.0
vanilla_conformal,pusht_shift_occlusion,9,0.9159800194440673,0.027742991178825577,40.444351023652395,2.38904785580068,0.0829883255525829,0.017811072208647534,0.0,0.0
